{
  "title": "Text Sizes",
  "description": "A minimum and maximum text size size allows you to pick the right size from a ratio, depending on the context size. The min and max sizes are in pixels and should be converted to appropiate sizes, per context. For example, for web, the should be converted to REM units (pixelSize / baseSize)",
  "meta": {
    "scaleGenerator": "https://utopia.fyi/type/calculator/?c=375,15,1.125,1440,18,1.2,10,2,&s=0.75%7C0.5%7C0.25,1.5%7C2%7C3%7C4%7C6,s-l&g=s,l,xl,12"
  },
  "items": [
    {
      "name": "Step 000",
      "min": 11.85,
      "max": 12.5
    },
    {
      "name": "Step 00",
      "min": 13.33,
      "max": 15
    },
    {
      "name": "Step 0",
      "min": 15,
      "max": 18
    },
    {
      "name": "Step 1",
      "min": 16.88,
      "max": 21.6
    },
    {
      "name": "Step 2",
      "min": 18.98,
      "max": 25.92
    },
    {
      "name": "Step 3",
      "min": 21.36,
      "max": 31.1
    },
    {
      "name": "Step 4",
      "min": 24.03,
      "max": 37.32
    },
    {
      "name": "Step 5",
      "min": 27.03,
      "max": 44.79
    },
    {
      "name": "Step 6",
      "min": 30.41,
      "max": 53.75
    },
    {
      "name": "Step 7",
      "min": 34.21,
      "max": 64.5
    },
    {
      "name": "Step 8",
      "min": 38.49,
      "max": 77.4
    },
    {
      "name": "Step 9",
      "min": 43.3,
      "max": 92.88
    },
    {
      "name": "Step 10",
      "min": 48.5,
      "max": 111.45
    },
    {
      "name": "Step 11",
      "min": 60.62,
      "max": 167.17
    },
    {
      "name": "Step 12",
      "min": 60.62,
      "max": 230
    }
  ]
}
